mae,top_k,explanation_time,size,mmd,explainer,strategy,method,kernel,g,num_bins,target_size,compression_time,unique_samples
0.0014002382460476827,0.7571900826446281,1202.5985698699951,8,0.04915596618682572,shapiq,kernel,stein_thinning,Not needed,Not needed,Not needed,8,0.01489114761352539,8
0.0012824133256362702,0.7869421487603305,1647.8012278079987,16,0.032691316348708144,shapiq,kernel,stein_thinning,Not needed,Not needed,Not needed,16,0.03288745880126953,16
0.0010764575439681644,0.8657024793388429,2624.4267275333405,32,0.024074377124489788,shapiq,kernel,stein_thinning,Not needed,Not needed,Not needed,32,0.06005120277404785,32
0.0012029549921734421,0.8500826446280991,4579.567770957947,64,0.03033023760070752,shapiq,kernel,stein_thinning,Not needed,Not needed,Not needed,64,0.13347697257995605,64
0.0012577505265605278,0.8422314049586777,8489.116132497787,128,0.032314286721376595,shapiq,kernel,stein_thinning,Not needed,Not needed,Not needed,128,0.3388705253601074,126
0.0013977164624951893,0.7555371900826445,1137.2204110622406,8,0.04915596618682572,shapiq,kernel,stein_thinning,Not needed,Not needed,Not needed,8,0.019237279891967773,8
0.001283828402419559,0.7875206611570247,1632.483015537262,16,0.032691316348708144,shapiq,kernel,stein_thinning,Not needed,Not needed,Not needed,16,0.027994394302368164,16
0.0010811373680591615,0.8648760330578512,2608.307149410248,32,0.024074377124489788,shapiq,kernel,stein_thinning,Not needed,Not needed,Not needed,32,0.09743237495422363,32
0.0012029562635020314,0.847190082644628,4584.5257523059845,64,0.03033023760070752,shapiq,kernel,stein_thinning,Not needed,Not needed,Not needed,64,0.1472630500793457,64
0.0012558683369324277,0.8423140495867768,8475.183286428452,128,0.032314286721376595,shapiq,kernel,stein_thinning,Not needed,Not needed,Not needed,128,0.2031412124633789,126
0.0014003011175474569,0.7545454545454545,1139.794190645218,8,0.04915596618682572,shapiq,kernel,stein_thinning,Not needed,Not needed,Not needed,8,0.01337742805480957,8
0.0012782820342550573,0.7881818181818181,1632.9286601543427,16,0.032691316348708144,shapiq,kernel,stein_thinning,Not needed,Not needed,Not needed,16,0.026787757873535156,16
0.0010797394139227367,0.8661983471074379,2612.4670009613037,32,0.024074377124489788,shapiq,kernel,stein_thinning,Not needed,Not needed,Not needed,32,0.06336545944213867,32
0.0012047995668120594,0.8496694214876033,4606.058725595474,64,0.03033023760070752,shapiq,kernel,stein_thinning,Not needed,Not needed,Not needed,64,0.09812355041503906,64
0.0012584710759920325,0.8447933884297522,8484.873341798782,128,0.032314286721376595,shapiq,kernel,stein_thinning,Not needed,Not needed,Not needed,128,0.19394850730895996,126
0.001399126774141002,0.7557851239669422,1136.6868891716003,8,0.04915596618682572,shapiq,kernel,stein_thinning,Not needed,Not needed,Not needed,8,0.013701438903808594,8
0.0012809483641850147,0.7880991735537191,1638.3256237506866,16,0.032691316348708144,shapiq,kernel,stein_thinning,Not needed,Not needed,Not needed,16,0.02933812141418457,16
0.0010825555656222043,0.8635537190082645,2616.8485906124115,32,0.024074377124489788,shapiq,kernel,stein_thinning,Not needed,Not needed,Not needed,32,0.06905555725097656,32
0.0012036359715608196,0.8486776859504132,4568.392018795013,64,0.03033023760070752,shapiq,kernel,stein_thinning,Not needed,Not needed,Not needed,64,0.10099649429321289,64
0.0012596874242445139,0.8437190082644627,8511.472193956375,128,0.032314286721376595,shapiq,kernel,stein_thinning,Not needed,Not needed,Not needed,128,0.23727798461914062,126
0.0013995510012529975,0.7558677685950412,1188.5063426494598,8,0.04915596618682572,shapiq,kernel,stein_thinning,Not needed,Not needed,Not needed,8,0.019210100173950195,8
0.0012813467776701605,0.7876033057851239,1677.94269657135,16,0.032691316348708144,shapiq,kernel,stein_thinning,Not needed,Not needed,Not needed,16,0.04371333122253418,16
0.0010827031723419883,0.8661983471074379,2617.6353878974915,32,0.024074377124489788,shapiq,kernel,stein_thinning,Not needed,Not needed,Not needed,32,0.05019545555114746,32
0.001201235919491872,0.8483471074380166,4604.208926200867,64,0.03033023760070752,shapiq,kernel,stein_thinning,Not needed,Not needed,Not needed,64,0.10098123550415039,64
0.0012571277377913636,0.8433884297520661,8474.592301130295,128,0.032314286721376595,shapiq,kernel,stein_thinning,Not needed,Not needed,Not needed,128,0.21248364448547363,126
0.0013996472597077264,0.7532231404958677,1143.5868570804596,8,0.04915596618682572,shapiq,kernel,stein_thinning,Not needed,Not needed,Not needed,8,0.017098426818847656,8
0.001278257899236313,0.7897520661157024,1623.9408340454102,16,0.032691316348708144,shapiq,kernel,stein_thinning,Not needed,Not needed,Not needed,16,0.028313159942626953,16
0.00108100322577993,0.8666942148760329,2613.5339620113373,32,0.024074377124489788,shapiq,kernel,stein_thinning,Not needed,Not needed,Not needed,32,0.05222439765930176,32
0.001201949963665869,0.8513223140495867,4586.793575525284,64,0.03033023760070752,shapiq,kernel,stein_thinning,Not needed,Not needed,Not needed,64,0.1054682731628418,64
0.0012574345282071202,0.8464462809917356,8464.99751162529,128,0.032314286721376595,shapiq,kernel,stein_thinning,Not needed,Not needed,Not needed,128,0.1978912353515625,126
0.0014002172319128661,0.7572727272727272,1139.0808792114258,8,0.04915596618682572,shapiq,kernel,stein_thinning,Not needed,Not needed,Not needed,8,0.015451908111572266,8
0.001280631846673722,0.7895041322314049,1631.1178169250488,16,0.032691316348708144,shapiq,kernel,stein_thinning,Not needed,Not needed,Not needed,16,0.02626800537109375,16
0.001078803407074478,0.8656198347107439,2614.095944881439,32,0.024074377124489788,shapiq,kernel,stein_thinning,Not needed,Not needed,Not needed,32,0.05092763900756836,32
0.0012012101074601056,0.8490909090909091,4574.4878034591675,64,0.03033023760070752,shapiq,kernel,stein_thinning,Not needed,Not needed,Not needed,64,0.10312509536743164,64
0.0012592403759065962,0.8437190082644628,8456.39249253273,128,0.032314286721376595,shapiq,kernel,stein_thinning,Not needed,Not needed,Not needed,128,0.23300409317016602,126
0.001401004260354544,0.7544628099173553,1135.2215979099274,8,0.04915596618682572,shapiq,kernel,stein_thinning,Not needed,Not needed,Not needed,8,0.024968862533569336,8
0.0012804421909493999,0.7856198347107437,1624.171953678131,16,0.032691316348708144,shapiq,kernel,stein_thinning,Not needed,Not needed,Not needed,16,0.05100131034851074,16
0.0010783752924822083,0.8624793388429751,2624.8742010593414,32,0.024074377124489788,shapiq,kernel,stein_thinning,Not needed,Not needed,Not needed,32,0.05398964881896973,32
0.0012034832390909805,0.85,4602.226826667786,64,0.03033023760070752,shapiq,kernel,stein_thinning,Not needed,Not needed,Not needed,64,0.10955142974853516,64
0.001256714395865643,0.8442975206611569,8462.614382505417,128,0.032314286721376595,shapiq,kernel,stein_thinning,Not needed,Not needed,Not needed,128,0.19851422309875488,126
0.0014008799857080142,0.7549586776859504,1137.4634861946106,8,0.04915596618682572,shapiq,kernel,stein_thinning,Not needed,Not needed,Not needed,8,0.01415562629699707,8
0.0012831063704510182,0.7877685950413222,1631.2368638515472,16,0.032691316348708144,shapiq,kernel,stein_thinning,Not needed,Not needed,Not needed,16,0.06286382675170898,16
0.0010809355440654124,0.8670247933884296,2603.076930999756,32,0.024074377124489788,shapiq,kernel,stein_thinning,Not needed,Not needed,Not needed,32,0.09632396697998047,32
0.0012012693568558925,0.8510743801652892,4576.406204223633,64,0.03033023760070752,shapiq,kernel,stein_thinning,Not needed,Not needed,Not needed,64,0.20787549018859863,64
0.0012583057904951137,0.8442148760330579,8458.371921539307,128,0.032314286721376595,shapiq,kernel,stein_thinning,Not needed,Not needed,Not needed,128,0.19206786155700684,126
0.0014033392613371726,0.7547933884297521,1134.2503049373627,8,0.04915596618682572,shapiq,kernel,stein_thinning,Not needed,Not needed,Not needed,8,0.012290239334106445,8
0.0012816301925401754,0.7875206611570247,1632.9528756141663,16,0.032691316348708144,shapiq,kernel,stein_thinning,Not needed,Not needed,Not needed,16,0.026088714599609375,16
0.0010822112868138817,0.8650413223140494,2612.85938167572,32,0.024074377124489788,shapiq,kernel,stein_thinning,Not needed,Not needed,Not needed,32,0.07790946960449219,32
0.0012009913782996178,0.8487603305785124,4581.841710090637,64,0.03033023760070752,shapiq,kernel,stein_thinning,Not needed,Not needed,Not needed,64,0.14012765884399414,64
0.0012569402477173488,0.8416528925619835,8461.646995782852,128,0.032314286721376595,shapiq,kernel,stein_thinning,Not needed,Not needed,Not needed,128,0.2700488567352295,126
