dataset,repeat,method,time_explanation,time_sample_choose,n_original,n_sample
german,0,cte_shap_kernel,11.799273014068604,0.0015561580657958984,200,8
german,0,cte_shap_permutation,2.869734764099121,0.0015561580657958984,200,8
german,0,cte_sage_kernel,11.482646942138672,0.0015561580657958984,200,8
german,0,cte_sage_permutation,11.968120098114014,0.0015561580657958984,200,8
german,0,cte_with_predictions_shap_kernel,12.050179958343506,0.0002949237823486328,200,8
german,0,cte_with_predictions_shap_permutation,0.5052757263183594,0.0002949237823486328,200,8
german,0,cte_with_predictions_sage_kernel,12.298870086669922,0.0002949237823486328,200,8
german,0,cte_with_predictions_sage_permutation,13.006280899047852,0.0002949237823486328,200,8
german,0,cte_stratified_shap_kernel,17.290945053100586,0.0004143714904785156,200,12
german,0,cte_stratified_shap_permutation,0.6393311023712158,0.0004143714904785156,200,12
german,0,cte_stratified_sage_kernel,18.000133991241455,0.0004143714904785156,200,12
german,0,cte_stratified_sage_permutation,16.02055788040161,0.0004143714904785156,200,12
german,1,cte_shap_kernel,14.18809700012207,0.00032401084899902344,200,8
german,1,cte_shap_permutation,0.5279219150543213,0.00032401084899902344,200,8
german,1,cte_sage_kernel,35.29230308532715,0.00032401084899902344,200,8
german,1,cte_sage_permutation,27.957622051239014,0.00032401084899902344,200,8
german,1,cte_with_predictions_shap_kernel,14.269268989562988,0.0003268718719482422,200,8
german,1,cte_with_predictions_shap_permutation,0.6363611221313477,0.0003268718719482422,200,8
german,1,cte_with_predictions_sage_kernel,35.46330690383911,0.0003268718719482422,200,8
german,1,cte_with_predictions_sage_permutation,29.03550124168396,0.0003268718719482422,200,8
german,1,cte_stratified_shap_kernel,18.60861325263977,0.0004432201385498047,200,12
german,1,cte_stratified_shap_permutation,0.6125073432922363,0.0004432201385498047,200,12
german,1,cte_stratified_sage_kernel,21.45096492767334,0.0004432201385498047,200,12
german,1,cte_stratified_sage_permutation,18.537343978881836,0.0004432201385498047,200,12
german,2,cte_shap_kernel,14.750182867050171,0.0003247261047363281,200,8
german,2,cte_shap_permutation,0.6343870162963867,0.0003247261047363281,200,8
german,2,cte_sage_kernel,15.858328819274902,0.0003247261047363281,200,8
german,2,cte_sage_permutation,11.880676031112671,0.0003247261047363281,200,8
german,2,cte_with_predictions_shap_kernel,15.197059869766235,0.0003230571746826172,200,8
german,2,cte_with_predictions_shap_permutation,0.5027279853820801,0.0003230571746826172,200,8
german,2,cte_with_predictions_sage_kernel,15.777312994003296,0.0003230571746826172,200,8
german,2,cte_with_predictions_sage_permutation,12.098526954650879,0.0003230571746826172,200,8
german,2,cte_stratified_shap_kernel,18.825366973876953,0.00047206878662109375,200,12
german,2,cte_stratified_shap_permutation,0.6961729526519775,0.00047206878662109375,200,12
german,2,cte_stratified_sage_kernel,20.54966402053833,0.00047206878662109375,200,12
german,2,cte_stratified_sage_permutation,16.749248027801514,0.00047206878662109375,200,12
german,3,cte_shap_kernel,15.265541315078735,0.0003199577331542969,200,8
german,3,cte_shap_permutation,0.679455041885376,0.0003199577331542969,200,8
german,3,cte_sage_kernel,19.034582138061523,0.0003199577331542969,200,8
german,3,cte_sage_permutation,19.421653985977173,0.0003199577331542969,200,8
german,3,cte_with_predictions_shap_kernel,15.214539766311646,0.0003209114074707031,200,8
german,3,cte_with_predictions_shap_permutation,0.6281969547271729,0.0003209114074707031,200,8
german,3,cte_with_predictions_sage_kernel,32.14452409744263,0.0003209114074707031,200,8
german,3,cte_with_predictions_sage_permutation,27.026154041290283,0.0003209114074707031,200,8
german,3,cte_stratified_shap_kernel,19.271376132965088,0.00043582916259765625,200,12
german,3,cte_stratified_shap_permutation,0.7351157665252686,0.00043582916259765625,200,12
german,3,cte_stratified_sage_kernel,23.34402894973755,0.00043582916259765625,200,12
german,3,cte_stratified_sage_permutation,18.585186004638672,0.00043582916259765625,200,12
german,4,cte_shap_kernel,15.11009168624878,0.00032401084899902344,200,8
german,4,cte_shap_permutation,0.6405577659606934,0.00032401084899902344,200,8
german,4,cte_sage_kernel,28.344307899475098,0.00032401084899902344,200,8
german,4,cte_sage_permutation,23.883018016815186,0.00032401084899902344,200,8
german,4,cte_with_predictions_shap_kernel,14.812244892120361,0.00032711029052734375,200,8
german,4,cte_with_predictions_shap_permutation,0.6849620342254639,0.00032711029052734375,200,8
german,4,cte_with_predictions_sage_kernel,20.502058029174805,0.00032711029052734375,200,8
german,4,cte_with_predictions_sage_permutation,17.422310829162598,0.00032711029052734375,200,8
german,4,cte_stratified_shap_kernel,19.251156091690063,0.0004649162292480469,200,12
german,4,cte_stratified_shap_permutation,0.7275359630584717,0.0004649162292480469,200,12
german,4,cte_stratified_sage_kernel,21.358575105667114,0.0004649162292480469,200,12
german,4,cte_stratified_sage_permutation,18.304116010665894,0.0004649162292480469,200,12
german,5,cte_shap_kernel,15.005245923995972,0.00032401084899902344,200,8
german,5,cte_shap_permutation,0.5956158638000488,0.00032401084899902344,200,8
german,5,cte_sage_kernel,33.70472598075867,0.00032401084899902344,200,8
german,5,cte_sage_permutation,30.69728374481201,0.00032401084899902344,200,8
german,5,cte_with_predictions_shap_kernel,14.939139127731323,0.0003509521484375,200,8
german,5,cte_with_predictions_shap_permutation,0.672429084777832,0.0003509521484375,200,8
german,5,cte_with_predictions_sage_kernel,33.35447978973389,0.0003509521484375,200,8
german,5,cte_with_predictions_sage_permutation,29.834667921066284,0.0003509521484375,200,8
german,5,cte_stratified_shap_kernel,19.627712965011597,0.00043082237243652344,200,12
german,5,cte_stratified_shap_permutation,0.758699893951416,0.00043082237243652344,200,12
german,5,cte_stratified_sage_kernel,19.040199041366577,0.00043082237243652344,200,12
german,5,cte_stratified_sage_permutation,18.221379041671753,0.00043082237243652344,200,12
german,6,cte_shap_kernel,15.853127002716064,0.0003180503845214844,200,8
german,6,cte_shap_permutation,0.6972517967224121,0.0003180503845214844,200,8
german,6,cte_sage_kernel,16.544716119766235,0.0003180503845214844,200,8
german,6,cte_sage_permutation,11.497178077697754,0.0003180503845214844,200,8
german,6,cte_with_predictions_shap_kernel,15.277784824371338,0.00034618377685546875,200,8
german,6,cte_with_predictions_shap_permutation,0.6836049556732178,0.00034618377685546875,200,8
german,6,cte_with_predictions_sage_kernel,19.60393977165222,0.00034618377685546875,200,8
german,6,cte_with_predictions_sage_permutation,14.193029880523682,0.00034618377685546875,200,8
german,6,cte_stratified_shap_kernel,19.292078018188477,0.0004398822784423828,200,12
german,6,cte_stratified_shap_permutation,0.7483949661254883,0.0004398822784423828,200,12
german,6,cte_stratified_sage_kernel,21.94029211997986,0.0004398822784423828,200,12
german,6,cte_stratified_sage_permutation,18.381994009017944,0.0004398822784423828,200,12
german,7,cte_shap_kernel,15.229496955871582,0.0003249645233154297,200,8
german,7,cte_shap_permutation,0.5668599605560303,0.0003249645233154297,200,8
german,7,cte_sage_kernel,24.728713035583496,0.0003249645233154297,200,8
german,7,cte_sage_permutation,22.803396701812744,0.0003249645233154297,200,8
german,7,cte_with_predictions_shap_kernel,15.137037992477417,0.000354766845703125,200,8
german,7,cte_with_predictions_shap_permutation,0.6595561504364014,0.000354766845703125,200,8
german,7,cte_with_predictions_sage_kernel,25.02907085418701,0.000354766845703125,200,8
german,7,cte_with_predictions_sage_permutation,23.177075147628784,0.000354766845703125,200,8
german,7,cte_stratified_shap_kernel,18.903486013412476,0.000431060791015625,200,12
german,7,cte_stratified_shap_permutation,0.7337441444396973,0.000431060791015625,200,12
german,7,cte_stratified_sage_kernel,17.66721510887146,0.000431060791015625,200,12
german,7,cte_stratified_sage_permutation,18.333014011383057,0.000431060791015625,200,12
german,8,cte_shap_kernel,15.751982927322388,0.0003190040588378906,200,8
german,8,cte_shap_permutation,0.6789000034332275,0.0003190040588378906,200,8
german,8,cte_sage_kernel,14.836978912353516,0.0003190040588378906,200,8
german,8,cte_sage_permutation,11.571492195129395,0.0003190040588378906,200,8
german,8,cte_with_predictions_shap_kernel,15.048524141311646,0.000354766845703125,200,8
german,8,cte_with_predictions_shap_permutation,0.6965267658233643,0.000354766845703125,200,8
german,8,cte_with_predictions_sage_kernel,9.70639419555664,0.000354766845703125,200,8
german,8,cte_with_predictions_sage_permutation,9.010655879974365,0.000354766845703125,200,8
german,8,cte_stratified_shap_kernel,19.613391876220703,0.0004680156707763672,200,12
german,8,cte_stratified_shap_permutation,0.7518641948699951,0.0004680156707763672,200,12
german,8,cte_stratified_sage_kernel,19.279412031173706,0.0004680156707763672,200,12
german,8,cte_stratified_sage_permutation,16.528684854507446,0.0004680156707763672,200,12
german,9,cte_shap_kernel,16.22879385948181,0.0003199577331542969,200,8
german,9,cte_shap_permutation,0.6686651706695557,0.0003199577331542969,200,8
german,9,cte_sage_kernel,13.575697898864746,0.0003199577331542969,200,8
german,9,cte_sage_permutation,10.706698894500732,0.0003199577331542969,200,8
german,9,cte_with_predictions_shap_kernel,15.583153009414673,0.0003218650817871094,200,8
german,9,cte_with_predictions_shap_permutation,0.7167420387268066,0.0003218650817871094,200,8
german,9,cte_with_predictions_sage_kernel,13.370184183120728,0.0003218650817871094,200,8
german,9,cte_with_predictions_sage_permutation,10.287226915359497,0.0003218650817871094,200,8
german,9,cte_stratified_shap_kernel,19.68114471435547,0.00043702125549316406,200,12
german,9,cte_stratified_shap_permutation,0.7438628673553467,0.00043702125549316406,200,12
german,9,cte_stratified_sage_kernel,17.327787160873413,0.00043702125549316406,200,12
german,9,cte_stratified_sage_permutation,18.44096279144287,0.00043702125549316406,200,12
