mae,top_k,explanation_time,size,mmd,explainer,strategy,method,kernel,g,num_bins,m,compression_time
0.0031347851730397333,0.9365182186234817,15.14443826675415,32,0.00038847032346045474,shap,kernel,kernel_thinning,gaussian,4.0,32.0,15.0,0.035840749740600586
0.004816098860270154,0.9776518218623482,0.6420550346374512,64,0.000123109711947178,shap,kernel,kernel_thinning,gaussian,4.0,32.0,-3.0,0.00836634635925293
0.002750873334094966,0.974089068825911,1.109457015991211,128,9.789596592857386e-05,shap,kernel,kernel_thinning,gaussian,4.0,32.0,-4.0,0.009279727935791016
0.0031812587793316176,0.9489878542510122,0.49842047691345215,32,0.0054744756369378145,shap,kernel,kernel_thinning,sobolev,4.0,32.0,15.0,0.03984951972961426
0.0026591312196798146,0.9645344129554655,0.5969142913818359,64,0.002427650845671092,shap,kernel,kernel_thinning,sobolev,4.0,32.0,-3.0,0.008854866027832031
0.0023325446616521304,0.9791093117408908,1.0629470348358154,128,0.0008272496132157858,shap,kernel,kernel_thinning,sobolev,4.0,32.0,-4.0,0.009753704071044922
0.006719381714484809,0.942672064777328,0.4474968910217285,32,0.00040766897523658585,shap,kernel,kernel_thinning,inverse_multiquadric,4.0,32.0,15.0,0.04684090614318848
0.0048783416936597985,0.9710121457489879,0.6162548065185547,64,0.00010851411794221555,shap,kernel,kernel_thinning,inverse_multiquadric,4.0,32.0,-3.0,0.007431983947753906
0.0017733493821888524,0.9779757085020244,1.0973353385925293,128,9.657960191522541e-05,shap,kernel,kernel_thinning,inverse_multiquadric,4.0,32.0,-4.0,0.00805354118347168
0.005471021242700406,0.9609716599190284,0.4771747589111328,32,0.0004091500231255818,shap,kernel,kernel_thinning,matern_0.5,4.0,32.0,15.0,0.037018537521362305
0.002627345596495534,0.9692307692307692,0.554511547088623,64,0.00014428769242225137,shap,kernel,kernel_thinning,matern_0.5,4.0,32.0,-3.0,0.009206295013427734
0.0020834329766818696,0.9714979757085022,1.1232812404632568,128,0.00011292699415021978,shap,kernel,kernel_thinning,matern_0.5,4.0,32.0,-4.0,0.01000833511352539
0.004832825507642285,0.9459109311740891,0.48093605041503906,32,0.0004162139411649779,shap,kernel,kernel_thinning,matern_1.5,4.0,32.0,15.0,0.037072181701660156
0.0033680443644078044,0.9604858299595144,0.5760278701782227,64,0.0002025891037114036,shap,kernel,kernel_thinning,matern_1.5,4.0,32.0,-3.0,0.009046554565429688
0.0025150356932708393,0.9702024291497974,1.0636906623840332,128,9.357502792495254e-05,shap,kernel,kernel_thinning,matern_1.5,4.0,32.0,-4.0,0.009561777114868164
0.0037797511850681804,0.9459109311740891,0.46601152420043945,32,0.00026149408212106096,shap,kernel,kernel_thinning,matern_2.5,4.0,32.0,15.0,0.037032127380371094
0.0035526392384607366,0.968906882591093,0.6067206859588623,64,0.00011977147501229801,shap,kernel,kernel_thinning,matern_2.5,4.0,32.0,-3.0,0.009087800979614258
0.003230636261432696,0.9629149797570848,1.102916955947876,128,0.00014572247222455204,shap,kernel,kernel_thinning,matern_2.5,4.0,32.0,-4.0,0.009568214416503906
0.0038520693339418985,0.9650202429149799,0.4366917610168457,32,0.0005416628589536288,shap,kernel,kernel_thinning,gaussian,4.0,32.0,15.0,0.033498525619506836
0.002750994147024231,0.9465587044534413,0.5849649906158447,64,9.058972312714353e-05,shap,kernel,kernel_thinning,gaussian,4.0,32.0,-3.0,0.00830531120300293
0.0031916874697577643,0.9674493927125506,1.059574842453003,128,0.00011806176296125237,shap,kernel,kernel_thinning,gaussian,4.0,32.0,-4.0,0.008844375610351562
0.0059365297041943,0.9235627530364372,0.45807862281799316,32,0.0013013816741593853,shap,kernel,kernel_thinning,sobolev,4.0,32.0,15.0,0.0366673469543457
0.002487375406705999,0.9645344129554655,0.5906853675842285,64,0.0018146780268550877,shap,kernel,kernel_thinning,sobolev,4.0,32.0,-3.0,0.008904457092285156
0.002663599338196453,0.982995951417004,1.0933833122253418,128,0.001329675783102502,shap,kernel,kernel_thinning,sobolev,4.0,32.0,-4.0,0.009385347366333008
0.0035866708061059556,0.9507692307692306,0.4660472869873047,32,0.00027118099368461657,shap,kernel,kernel_thinning,inverse_multiquadric,4.0,32.0,15.0,0.030310392379760742
0.002717361561579153,0.9734412955465586,0.86592698097229,64,0.00012505840847021332,shap,kernel,kernel_thinning,inverse_multiquadric,4.0,32.0,-3.0,0.007378578186035156
0.002094502154755033,0.9634008097165994,1.1408629417419434,128,0.00014640107856034312,shap,kernel,kernel_thinning,inverse_multiquadric,4.0,32.0,-4.0,0.007933616638183594
0.007659629830288441,0.9541700404858299,0.43895697593688965,32,0.0003049785419579898,shap,kernel,kernel_thinning,matern_0.5,4.0,32.0,15.0,0.03712034225463867
0.001994725446889329,0.9710121457489879,0.5782041549682617,64,0.00012992606920203542,shap,kernel,kernel_thinning,matern_0.5,4.0,32.0,-3.0,0.013952016830444336
0.001732641612722181,0.9808906882591094,1.0292463302612305,128,0.00011204375351403506,shap,kernel,kernel_thinning,matern_0.5,4.0,32.0,-4.0,0.00971364974975586
0.004655046543026777,0.9493117408906884,0.42867088317871094,32,0.00029752842458652395,shap,kernel,kernel_thinning,matern_1.5,4.0,32.0,15.0,0.04011964797973633
0.003314881191929298,0.9700404858299595,0.573662281036377,64,0.00012464919904320304,shap,kernel,kernel_thinning,matern_1.5,4.0,32.0,-3.0,0.009045839309692383
0.0018918457902992662,0.9821862348178138,1.0898900032043457,128,0.0001493368954015306,shap,kernel,kernel_thinning,matern_1.5,4.0,32.0,-4.0,0.009638547897338867
0.004931855007387345,0.9535222672064777,0.48499488830566406,32,0.0002719943104938505,shap,kernel,kernel_thinning,matern_2.5,4.0,32.0,15.0,0.036599159240722656
0.0029400033447587004,0.9585425101214574,0.5548059940338135,64,0.00010902463497197701,shap,kernel,kernel_thinning,matern_2.5,4.0,32.0,-3.0,0.00913858413696289
0.0022530231996654203,0.9789473684210527,1.0999870300292969,128,5.905861649635469e-05,shap,kernel,kernel_thinning,matern_2.5,4.0,32.0,-4.0,0.009581804275512695
0.0037123213708519856,0.9348987854251012,0.4621574878692627,32,0.0005228819771900817,shap,kernel,kernel_thinning,gaussian,4.0,32.0,15.0,0.03414797782897949
0.005136920515154906,0.9506072874493927,0.5926690101623535,64,0.00019170056682438208,shap,kernel,kernel_thinning,gaussian,4.0,32.0,-3.0,0.00836324691772461
0.0035153269522365527,0.9763562753036437,1.0877327919006348,128,0.00011046579347895324,shap,kernel,kernel_thinning,gaussian,4.0,32.0,-4.0,0.008861303329467773
0.005065610802112305,0.8665587044534413,0.47097325325012207,32,0.0022842686687418734,shap,kernel,kernel_thinning,sobolev,4.0,32.0,15.0,0.03630566596984863
0.005354214418031153,0.942995951417004,0.5654873847961426,64,0.006632355198416207,shap,kernel,kernel_thinning,sobolev,4.0,32.0,-3.0,0.009073495864868164
0.002268569088674055,0.9818623481781376,1.0993070602416992,128,0.0015987033706610365,shap,kernel,kernel_thinning,sobolev,4.0,32.0,-4.0,0.009864091873168945
0.004452149779929661,0.9668016194331984,0.45263099670410156,32,0.0003126088654064052,shap,kernel,kernel_thinning,inverse_multiquadric,4.0,32.0,15.0,0.0300748348236084
0.004486442735702355,0.9587044534412955,0.6434628963470459,64,0.00012128699417868205,shap,kernel,kernel_thinning,inverse_multiquadric,4.0,32.0,-3.0,0.007405996322631836
0.002240438916842934,0.9779757085020243,1.056755781173706,128,8.89938127808243e-05,shap,kernel,kernel_thinning,inverse_multiquadric,4.0,32.0,-4.0,0.007936239242553711
0.008973492931602293,0.9360323886639677,0.4484438896179199,32,0.0003784461886287005,shap,kernel,kernel_thinning,matern_0.5,4.0,32.0,15.0,0.03699517250061035
0.0059172244339780085,0.9612955465587045,0.5967299938201904,64,0.00012982563176811013,shap,kernel,kernel_thinning,matern_0.5,4.0,32.0,-3.0,0.009455680847167969
0.0020898690722721187,0.9723076923076924,1.0565650463104248,128,0.000147029935609444,shap,kernel,kernel_thinning,matern_0.5,4.0,32.0,-4.0,0.009696006774902344
0.004048920176425867,0.9556275303643723,0.440765380859375,32,0.00018425728279103382,shap,kernel,kernel_thinning,matern_1.5,4.0,32.0,15.0,0.03641796112060547
0.0022482497705195235,0.9732793522267207,0.5805974006652832,64,0.00012000389967581349,shap,kernel,kernel_thinning,matern_1.5,4.0,32.0,-3.0,0.009034872055053711
0.002183668115168421,0.9778137651821862,1.0852932929992676,128,0.0001060897374984826,shap,kernel,kernel_thinning,matern_1.5,4.0,32.0,-4.0,0.009490489959716797
0.004346361251896414,0.9569230769230769,0.46965837478637695,32,0.00026448945706603055,shap,kernel,kernel_thinning,matern_2.5,4.0,32.0,15.0,0.03678774833679199
0.004048780645633978,0.956761133603239,0.5914320945739746,64,0.0001205175779697143,shap,kernel,kernel_thinning,matern_2.5,4.0,32.0,-3.0,0.009092330932617188
0.0034189236976808674,0.9766801619433196,1.099970817565918,128,0.00011060125540862664,shap,kernel,kernel_thinning,matern_2.5,4.0,32.0,-4.0,0.009531736373901367
0.006470961256298422,0.942995951417004,0.4703686237335205,32,0.000514548625115907,shap,kernel,kernel_thinning,gaussian,4.0,32.0,15.0,0.03317999839782715
0.004144406671997633,0.9590283400809717,0.5946755409240723,64,0.00012902069984299658,shap,kernel,kernel_thinning,gaussian,4.0,32.0,-3.0,0.008316516876220703
0.002587404797677293,0.9857489878542511,1.1050031185150146,128,0.00012000948888113427,shap,kernel,kernel_thinning,gaussian,4.0,32.0,-4.0,0.008753538131713867
0.00643464248626041,0.9382995951417004,0.45432329177856445,32,0.0017687526759326833,shap,kernel,kernel_thinning,sobolev,4.0,32.0,15.0,0.03532099723815918
0.003611730147322306,0.9669635627530365,0.5875260829925537,64,0.004531057640308145,shap,kernel,kernel_thinning,sobolev,4.0,32.0,-3.0,0.008924007415771484
0.0025954134402050143,0.9752226720647774,1.1286466121673584,128,0.0006964259441057941,shap,kernel,kernel_thinning,sobolev,4.0,32.0,-4.0,0.009293556213378906
0.0035262396865790623,0.9611336032388664,0.44747161865234375,32,0.00013259927390563142,shap,kernel,kernel_thinning,inverse_multiquadric,4.0,32.0,15.0,0.029527664184570312
0.003580183923643187,0.9491497975708503,0.5794360637664795,64,0.00011326058216720725,shap,kernel,kernel_thinning,inverse_multiquadric,4.0,32.0,-3.0,0.0073947906494140625
0.0024337878446794464,0.9663157894736842,1.0466551780700684,128,0.0001119560312339285,shap,kernel,kernel_thinning,inverse_multiquadric,4.0,32.0,-4.0,0.007877588272094727
0.00530511008070967,0.9387854251012147,0.4563155174255371,32,0.0003383979002238302,shap,kernel,kernel_thinning,matern_0.5,4.0,32.0,15.0,0.03655362129211426
0.0018418571004056039,0.9763562753036437,0.6240506172180176,64,0.00011618239321919965,shap,kernel,kernel_thinning,matern_0.5,4.0,32.0,-3.0,0.009210348129272461
0.0018846997042913753,0.9818623481781376,1.0535080432891846,128,0.00011395954568804711,shap,kernel,kernel_thinning,matern_0.5,4.0,32.0,-4.0,0.014754772186279297
0.0054124113894513885,0.93165991902834,0.4477384090423584,32,0.00028826319822727875,shap,kernel,kernel_thinning,matern_1.5,4.0,32.0,15.0,0.03554511070251465
0.0035878798763952892,0.974089068825911,0.6265707015991211,64,0.00010896676872818034,shap,kernel,kernel_thinning,matern_1.5,4.0,32.0,-3.0,0.009045124053955078
0.002233824761837141,0.9651821862348178,1.0513811111450195,128,9.034819284314821e-05,shap,kernel,kernel_thinning,matern_1.5,4.0,32.0,-4.0,0.020369291305541992
0.005097262192909519,0.8892307692307693,0.46244335174560547,32,0.00026384384450217624,shap,kernel,kernel_thinning,matern_2.5,4.0,32.0,15.0,0.03609490394592285
0.004572533282605716,0.9478542510121457,0.6025750637054443,64,0.0001097728010834853,shap,kernel,kernel_thinning,matern_2.5,4.0,32.0,-3.0,0.009099245071411133
0.002869487012466694,0.9703643724696357,1.0389273166656494,128,0.000127350603239762,shap,kernel,kernel_thinning,matern_2.5,4.0,32.0,-4.0,0.00971531867980957
0.0026329763253261753,0.9714979757085019,0.4553675651550293,32,0.0003766224446692945,shap,kernel,kernel_thinning,gaussian,4.0,32.0,15.0,0.03327059745788574
0.005242443303939288,0.9719838056680162,0.5908787250518799,64,0.00021518569413947475,shap,kernel,kernel_thinning,gaussian,4.0,32.0,-3.0,0.008298873901367188
0.0034344617392703517,0.980242914979757,1.0820715427398682,128,9.622613816873127e-05,shap,kernel,kernel_thinning,gaussian,4.0,32.0,-4.0,0.008805274963378906
0.004756261620361704,0.9266396761133604,0.7055706977844238,32,0.005385498736704131,shap,kernel,kernel_thinning,sobolev,4.0,32.0,15.0,0.03509640693664551
0.0031821607825267212,0.9224291497975707,0.5821387767791748,64,0.000879915103192852,shap,kernel,kernel_thinning,sobolev,4.0,32.0,-3.0,0.008886098861694336
0.0032009032549682715,0.9747368421052631,1.0911881923675537,128,0.0009130343526078111,shap,kernel,kernel_thinning,sobolev,4.0,32.0,-4.0,0.009269237518310547
0.007528417667016871,0.9530364372469634,0.4675111770629883,32,0.0002534795134987444,shap,kernel,kernel_thinning,inverse_multiquadric,4.0,32.0,15.0,0.030190467834472656
0.0027514427679474853,0.9596761133603239,0.5622034072875977,64,0.00010512375358406878,shap,kernel,kernel_thinning,inverse_multiquadric,4.0,32.0,-3.0,0.0074236392974853516
0.0014597501174459667,0.9774898785425101,1.0780997276306152,128,7.82194070698683e-05,shap,kernel,kernel_thinning,inverse_multiquadric,4.0,32.0,-4.0,0.007861852645874023
0.005755507573901382,0.9455870445344129,0.44631385803222656,32,0.0003052034326218589,shap,kernel,kernel_thinning,matern_0.5,4.0,32.0,15.0,0.07246041297912598
0.0031661300597550586,0.9441295546558705,0.5729653835296631,64,0.00011990902503455914,shap,kernel,kernel_thinning,matern_0.5,4.0,32.0,-3.0,0.009284257888793945
0.0013014727788749861,0.985587044534413,1.0863499641418457,128,0.00015135416528067047,shap,kernel,kernel_thinning,matern_0.5,4.0,32.0,-4.0,0.009642839431762695
0.0045218742653376385,0.9564372469635626,0.46074652671813965,32,0.000259196559828645,shap,kernel,kernel_thinning,matern_1.5,4.0,32.0,15.0,0.03606438636779785
0.005432646773110745,0.9679352226720649,0.560615062713623,64,0.00016544856717048972,shap,kernel,kernel_thinning,matern_1.5,4.0,32.0,-3.0,0.009050846099853516
0.001870735965824391,0.9710121457489879,1.1079585552215576,128,9.369101743117447e-05,shap,kernel,kernel_thinning,matern_1.5,4.0,32.0,-4.0,0.009478092193603516
0.005078635344368686,0.9261538461538459,0.4332139492034912,32,0.0002447222362591539,shap,kernel,kernel_thinning,matern_2.5,4.0,32.0,15.0,0.03604269027709961
0.0026389659584734066,0.9770040485829958,0.6035575866699219,64,0.00010755818758423352,shap,kernel,kernel_thinning,matern_2.5,4.0,32.0,-3.0,0.009123802185058594
0.0019665573386410257,0.9721457489878542,1.0946760177612305,128,7.793571816883116e-05,shap,kernel,kernel_thinning,matern_2.5,4.0,32.0,-4.0,0.009734869003295898
0.006116298415038891,0.9687449392712552,0.46695804595947266,32,0.00047582685657765467,shap,kernel,kernel_thinning,gaussian,4.0,32.0,15.0,0.032912254333496094
0.003172320165944153,0.9557894736842106,0.5903720855712891,64,0.0001602150258832591,shap,kernel,kernel_thinning,gaussian,4.0,32.0,-3.0,0.008289098739624023
0.003755544261723195,0.957085020242915,1.1293716430664062,128,0.00011564225237647996,shap,kernel,kernel_thinning,gaussian,4.0,32.0,-4.0,0.008778810501098633
0.006310415833687021,0.9413765182186236,0.43371033668518066,32,0.0028612228547852947,shap,kernel,kernel_thinning,sobolev,4.0,32.0,15.0,0.03597617149353027
0.003560065795155153,0.9494736842105265,0.6084575653076172,64,0.0012315055454685808,shap,kernel,kernel_thinning,sobolev,4.0,32.0,-3.0,0.008875846862792969
0.0033083652409382673,0.9820242914979757,1.1387083530426025,128,0.0005041642305709804,shap,kernel,kernel_thinning,sobolev,4.0,32.0,-4.0,0.01015615463256836
0.00701405971372196,0.9569230769230769,0.46025848388671875,32,0.00014577074813870716,shap,kernel,kernel_thinning,inverse_multiquadric,4.0,32.0,15.0,0.029690980911254883
0.002740505999654014,0.9621052631578948,0.5952088832855225,64,0.00011873127469996803,shap,kernel,kernel_thinning,inverse_multiquadric,4.0,32.0,-3.0,0.007441043853759766
0.0018814403376936446,0.9689068825910933,1.068528413772583,128,0.00014505636321127113,shap,kernel,kernel_thinning,inverse_multiquadric,4.0,32.0,-4.0,0.007839202880859375
0.005750014320059209,0.9468825910931175,0.48107147216796875,32,0.0005482552693627518,shap,kernel,kernel_thinning,matern_0.5,4.0,32.0,15.0,0.03647589683532715
0.0024305109658002352,0.9661538461538461,0.6108438968658447,64,0.00013308387939781063,shap,kernel,kernel_thinning,matern_0.5,4.0,32.0,-3.0,0.009264945983886719
0.0018230307680407387,0.9721457489878542,1.119868278503418,128,0.00011268837569411438,shap,kernel,kernel_thinning,matern_0.5,4.0,32.0,-4.0,0.00966024398803711
0.007525739174944701,0.9612955465587043,0.4645049571990967,32,0.00011816993872426629,shap,kernel,kernel_thinning,matern_1.5,4.0,32.0,15.0,0.03590583801269531
0.002849394014564213,0.9340890688259108,0.5930671691894531,64,0.00013999369170969445,shap,kernel,kernel_thinning,matern_1.5,4.0,32.0,-3.0,0.009087324142456055
0.001920575385300728,0.968421052631579,1.0620951652526855,128,0.00014770601930735872,shap,kernel,kernel_thinning,matern_1.5,4.0,32.0,-4.0,0.009450197219848633
0.004033729277585313,0.9556275303643723,0.47963404655456543,32,0.00023804656604520247,shap,kernel,kernel_thinning,matern_2.5,4.0,32.0,15.0,0.03603482246398926
0.003313250916872542,0.9590283400809717,0.6006300449371338,64,0.00011846401411141905,shap,kernel,kernel_thinning,matern_2.5,4.0,32.0,-3.0,0.009132862091064453
0.002370682138782901,0.9544939271255061,1.0667719841003418,128,0.00011141622045629518,shap,kernel,kernel_thinning,matern_2.5,4.0,32.0,-4.0,0.00950932502746582
0.004988376998165337,0.9473684210526315,0.48513150215148926,32,0.0003668491618680214,shap,kernel,kernel_thinning,gaussian,4.0,32.0,15.0,0.0329744815826416
0.0032887176271630915,0.9420242914979757,0.6039690971374512,64,0.0001630647280075337,shap,kernel,kernel_thinning,gaussian,4.0,32.0,-3.0,0.008338689804077148
0.003314361545001057,0.9723076923076923,1.0739295482635498,128,0.00011544575346977837,shap,kernel,kernel_thinning,gaussian,4.0,32.0,-4.0,0.008820056915283203
0.00576963347128097,0.8798380566801619,0.4678959846496582,32,0.007425240201247574,shap,kernel,kernel_thinning,sobolev,4.0,32.0,15.0,0.035567522048950195
0.003068349236747845,0.9685829959514171,0.5768496990203857,64,0.004479246599302211,shap,kernel,kernel_thinning,sobolev,4.0,32.0,-3.0,0.008879899978637695
0.0037461420324269748,0.9800809716599191,1.1041796207427979,128,0.0005373003554265399,shap,kernel,kernel_thinning,sobolev,4.0,32.0,-4.0,0.009443998336791992
0.0042862031946901856,0.9420242914979757,0.45422959327697754,32,0.00042576273313943425,shap,kernel,kernel_thinning,inverse_multiquadric,4.0,32.0,15.0,0.029484272003173828
0.002375042689654659,0.968906882591093,0.558342695236206,64,0.00010011408018240076,shap,kernel,kernel_thinning,inverse_multiquadric,4.0,32.0,-3.0,0.007398366928100586
0.00256836345759219,0.97165991902834,1.085237979888916,128,0.0001496351542928931,shap,kernel,kernel_thinning,inverse_multiquadric,4.0,32.0,-4.0,0.008071184158325195
0.005804248367117831,0.9663157894736842,0.45874714851379395,32,0.0004470176796671499,shap,kernel,kernel_thinning,matern_0.5,4.0,32.0,15.0,0.03684711456298828
0.004114851990262025,0.9582186234817814,0.5876648426055908,64,0.00011289263741987021,shap,kernel,kernel_thinning,matern_0.5,4.0,32.0,-3.0,0.009245634078979492
0.0022577159948926474,0.971174089068826,1.1206488609313965,128,0.0001144160050936538,shap,kernel,kernel_thinning,matern_0.5,4.0,32.0,-4.0,0.009673833847045898
0.004160690082732762,0.9577327935222671,0.4736161231994629,32,0.00027974775703909494,shap,kernel,kernel_thinning,matern_1.5,4.0,32.0,15.0,0.036949872970581055
0.0026660971507993228,0.979919028340081,0.6020820140838623,64,0.00019897531401924518,shap,kernel,kernel_thinning,matern_1.5,4.0,32.0,-3.0,0.009158611297607422
0.0023153024371265797,0.9739271255060731,1.1362738609313965,128,0.00015079359385627988,shap,kernel,kernel_thinning,matern_1.5,4.0,32.0,-4.0,0.009519100189208984
0.0060262375699656635,0.9549797570850204,0.46599793434143066,32,0.00013251386528723152,shap,kernel,kernel_thinning,matern_2.5,4.0,32.0,15.0,0.03616189956665039
0.003879230274577083,0.9595141700404858,0.8213644027709961,64,0.00011931856344404856,shap,kernel,kernel_thinning,matern_2.5,4.0,32.0,-3.0,0.009102582931518555
0.002213388581751238,0.9736032388663969,1.165128231048584,128,0.000150505026015324,shap,kernel,kernel_thinning,matern_2.5,4.0,32.0,-4.0,0.00946664810180664
0.007275680023306177,0.9436437246963564,0.46462488174438477,32,0.00041187055555491625,shap,kernel,kernel_thinning,gaussian,4.0,32.0,15.0,0.03338003158569336
0.0037696191355970094,0.95417004048583,0.5812826156616211,64,0.00020005251671317836,shap,kernel,kernel_thinning,gaussian,4.0,32.0,-3.0,0.008381128311157227
0.003860789636335976,0.9635627530364372,1.1266565322875977,128,0.00012479828320555164,shap,kernel,kernel_thinning,gaussian,4.0,32.0,-4.0,0.008963823318481445
0.006932051017986944,0.8719028340080971,0.49710750579833984,32,0.004041062309581456,shap,kernel,kernel_thinning,sobolev,4.0,32.0,15.0,0.03488421440124512
0.0028539407689327344,0.968421052631579,0.599362850189209,64,0.001541566787981008,shap,kernel,kernel_thinning,sobolev,4.0,32.0,-3.0,0.008920907974243164
0.0017933165015727808,0.9774898785425101,1.1056342124938965,128,0.001010871598360552,shap,kernel,kernel_thinning,sobolev,4.0,32.0,-4.0,0.00955510139465332
0.005582099591763776,0.9459109311740891,0.46249866485595703,32,0.00025694699735101523,shap,kernel,kernel_thinning,inverse_multiquadric,4.0,32.0,15.0,0.05752086639404297
0.004101859191196082,0.9507692307692308,0.5952157974243164,64,0.00010769994133275063,shap,kernel,kernel_thinning,inverse_multiquadric,4.0,32.0,-3.0,0.007464170455932617
0.0026154471669050778,0.9896356275303644,1.1179423332214355,128,0.00011047641732897517,shap,kernel,kernel_thinning,inverse_multiquadric,4.0,32.0,-4.0,0.007906675338745117
0.007254989321795648,0.905748987854251,0.42764997482299805,32,0.00033391515761738155,shap,kernel,kernel_thinning,matern_0.5,4.0,32.0,15.0,0.036510467529296875
0.0034664107859669387,0.9748987854251012,0.6098959445953369,64,0.00011843177136006133,shap,kernel,kernel_thinning,matern_0.5,4.0,32.0,-3.0,0.009275436401367188
0.002206415629169399,0.9651821862348178,1.0986542701721191,128,0.00011543830247284781,shap,kernel,kernel_thinning,matern_0.5,4.0,32.0,-4.0,0.009667396545410156
0.007265297755932272,0.9565991902834009,0.46747422218322754,32,0.0004268776481577419,shap,kernel,kernel_thinning,matern_1.5,4.0,32.0,15.0,0.03598499298095703
0.0036030244991795087,0.9744129554655869,0.5994658470153809,64,0.00011072819352020424,shap,kernel,kernel_thinning,matern_1.5,4.0,32.0,-3.0,0.009080648422241211
0.0015671184972831814,0.9650202429149797,1.1039950847625732,128,0.00011203837134221573,shap,kernel,kernel_thinning,matern_1.5,4.0,32.0,-4.0,0.009518861770629883
0.009524497496468607,0.923238866396761,0.44922685623168945,32,0.0002427663178612427,shap,kernel,kernel_thinning,matern_2.5,4.0,32.0,15.0,0.03613591194152832
0.0033573255089574122,0.9512550607287449,0.5873680114746094,64,0.00011109249288487888,shap,kernel,kernel_thinning,matern_2.5,4.0,32.0,-3.0,0.009137630462646484
0.0021582219045082718,0.976842105263158,1.0735142230987549,128,0.00011661766136450424,shap,kernel,kernel_thinning,matern_2.5,4.0,32.0,-4.0,0.009513139724731445
0.006714734293614095,0.9493117408906884,0.5011463165283203,32,0.00041761515630733825,shap,kernel,kernel_thinning,gaussian,4.0,32.0,15.0,0.032938480377197266
0.0036233740796020267,0.9499595141700405,0.6075999736785889,64,0.00012486367635711204,shap,kernel,kernel_thinning,gaussian,4.0,32.0,-3.0,0.008342742919921875
0.003993264460386528,0.9567611336032388,1.087871789932251,128,0.0001032360856159098,shap,kernel,kernel_thinning,gaussian,4.0,32.0,-4.0,0.01970195770263672
0.006815706654157371,0.8503643724696355,0.45664215087890625,32,0.00661942269853899,shap,kernel,kernel_thinning,sobolev,4.0,32.0,15.0,0.03521299362182617
0.0036333939880834145,0.97165991902834,0.5904026031494141,64,0.0071482991314097966,shap,kernel,kernel_thinning,sobolev,4.0,32.0,-3.0,0.008883953094482422
0.002518953611084792,0.9692307692307692,1.0901994705200195,128,0.0012154150818404208,shap,kernel,kernel_thinning,sobolev,4.0,32.0,-4.0,0.009368181228637695
0.007313437078414986,0.9556275303643725,0.46278929710388184,32,0.0002680318179890673,shap,kernel,kernel_thinning,inverse_multiquadric,4.0,32.0,15.0,0.029297590255737305
0.0037587102660741555,0.9412145748987855,0.592029333114624,64,0.0001393083573326681,shap,kernel,kernel_thinning,inverse_multiquadric,4.0,32.0,-3.0,0.007394552230834961
0.0026397249366082376,0.9664777327935222,1.0760157108306885,128,0.00010760927177089208,shap,kernel,kernel_thinning,inverse_multiquadric,4.0,32.0,-4.0,0.008021831512451172
0.00786264175105079,0.9522267206477733,0.45588016510009766,32,0.0004103084140933966,shap,kernel,kernel_thinning,matern_0.5,4.0,32.0,15.0,0.03656935691833496
0.0028271879670026755,0.9703643724696357,0.5839946269989014,64,0.00012676704081004964,shap,kernel,kernel_thinning,matern_0.5,4.0,32.0,-3.0,0.009430408477783203
0.0020910897795957963,0.9847773279352227,1.0967352390289307,128,0.00015369555284006076,shap,kernel,kernel_thinning,matern_0.5,4.0,32.0,-4.0,0.009722471237182617
0.0048946526490787345,0.9556275303643725,0.4797182083129883,32,0.0002634059712376402,shap,kernel,kernel_thinning,matern_1.5,4.0,32.0,15.0,0.0356597900390625
0.003216364803037026,0.980242914979757,0.5800313949584961,64,0.0001718245977870847,shap,kernel,kernel_thinning,matern_1.5,4.0,32.0,-3.0,0.009080886840820312
0.003026898130134936,0.979757085020243,1.1069636344909668,128,0.00015059125751104574,shap,kernel,kernel_thinning,matern_1.5,4.0,32.0,-4.0,0.009462118148803711
0.0029240023940176165,0.9708502024291498,0.4281044006347656,32,0.00038650314628352334,shap,kernel,kernel_thinning,matern_2.5,4.0,32.0,15.0,0.03594684600830078
0.003404769992329793,0.945101214574899,0.6061205863952637,64,0.0001586244703515316,shap,kernel,kernel_thinning,matern_2.5,4.0,32.0,-3.0,0.00909113883972168
0.0027216854023684347,0.9648582995951416,1.0868659019470215,128,7.694156796667073e-05,shap,kernel,kernel_thinning,matern_2.5,4.0,32.0,-4.0,0.00949859619140625
0.011307679066400097,0.9441295546558705,0.45961880683898926,32,0.00038381528268516263,shap,kernel,kernel_thinning,gaussian,4.0,32.0,15.0,0.032829999923706055
0.006562716671770107,0.959838056680162,0.605222225189209,64,0.0002923264380694235,shap,kernel,kernel_thinning,gaussian,4.0,32.0,-3.0,0.008356332778930664
0.0032294798266260575,0.9791093117408906,1.0916821956634521,128,9.898925471629738e-05,shap,kernel,kernel_thinning,gaussian,4.0,32.0,-4.0,0.02948451042175293
0.006460801148085976,0.9298785425101216,0.42954421043395996,32,0.009262655925032393,shap,kernel,kernel_thinning,sobolev,4.0,32.0,15.0,0.05360603332519531
0.0028146414372638537,0.9522267206477733,0.5673654079437256,64,0.0024749057696955568,shap,kernel,kernel_thinning,sobolev,4.0,32.0,-3.0,0.00896453857421875
0.002824154010772784,0.976842105263158,1.1436901092529297,128,0.0010248012473286217,shap,kernel,kernel_thinning,sobolev,4.0,32.0,-4.0,0.009533405303955078
0.00475071647958711,0.9677732793522268,0.4308006763458252,32,0.0004433333985478516,shap,kernel,kernel_thinning,inverse_multiquadric,4.0,32.0,15.0,0.029325246810913086
0.0034662452295438225,0.9523886639676112,0.6287970542907715,64,0.00011256038112184008,shap,kernel,kernel_thinning,inverse_multiquadric,4.0,32.0,-3.0,0.007395744323730469
0.002718456710563937,0.9580566801619431,1.1313936710357666,128,0.00011334012268759963,shap,kernel,kernel_thinning,inverse_multiquadric,4.0,32.0,-4.0,0.007797956466674805
0.005484911765163816,0.965991902834008,0.45683717727661133,32,0.00026184761445602334,shap,kernel,kernel_thinning,matern_0.5,4.0,32.0,15.0,0.03664994239807129
0.004132511590780973,0.9635627530364372,0.6028802394866943,64,0.00012641537223156973,shap,kernel,kernel_thinning,matern_0.5,4.0,32.0,-3.0,0.009252309799194336
0.0026370526488449083,0.9493117408906884,1.079657793045044,128,0.00011508962572315262,shap,kernel,kernel_thinning,matern_0.5,4.0,32.0,-4.0,0.009676456451416016
0.00640418958183703,0.9405668016194332,0.46073174476623535,32,0.00028300825680371844,shap,kernel,kernel_thinning,matern_1.5,4.0,32.0,15.0,0.035864830017089844
0.003943579481542771,0.9489878542510122,0.5904483795166016,64,0.00011547797247479785,shap,kernel,kernel_thinning,matern_1.5,4.0,32.0,-3.0,0.009060144424438477
0.002603003259753635,0.9666396761133604,1.2793703079223633,128,0.00011122604177149498,shap,kernel,kernel_thinning,matern_1.5,4.0,32.0,-4.0,0.009381294250488281
0.004715907140878519,0.9525506072874493,0.44616222381591797,32,0.0002956300126089051,shap,kernel,kernel_thinning,matern_2.5,4.0,32.0,15.0,0.03574967384338379
0.004802061570392228,0.9452631578947369,0.5961301326751709,64,0.00018198472784236586,shap,kernel,kernel_thinning,matern_2.5,4.0,32.0,-3.0,0.009081840515136719
0.00398777627399123,0.9551417004048582,1.0993807315826416,128,0.00011148325681120674,shap,kernel,kernel_thinning,matern_2.5,4.0,32.0,-4.0,0.009480953216552734
0.0027712710741661347,0.9531983805668016,0.4341771602630615,32,0.0003587883326285901,shap,kernel,kernel_thinning,gaussian,4.0,32.0,15.0,0.03362107276916504
0.0035081203333934283,0.9332793522267205,0.5737566947937012,64,0.0002870488899084922,shap,kernel,kernel_thinning,gaussian,4.0,32.0,-3.0,0.008337736129760742
0.0033863485894886306,0.9540080971659919,1.12013578414917,128,0.00015615590977891003,shap,kernel,kernel_thinning,gaussian,4.0,32.0,-4.0,0.008726119995117188
0.0054662507015605395,0.9476923076923077,0.45607709884643555,32,0.0028558227344754883,shap,kernel,kernel_thinning,sobolev,4.0,32.0,15.0,0.03535962104797363
0.0033096055783473867,0.9708502024291498,0.6225526332855225,64,0.003147281073329067,shap,kernel,kernel_thinning,sobolev,4.0,32.0,-3.0,0.008891105651855469
0.0020454251167891,0.98251012145749,1.1049370765686035,128,0.0006916346513161642,shap,kernel,kernel_thinning,sobolev,4.0,32.0,-4.0,0.016510725021362305
0.0036566204326702557,0.9671255060728746,0.47582483291625977,32,0.00013535168159295452,shap,kernel,kernel_thinning,inverse_multiquadric,4.0,32.0,15.0,0.029115676879882812
0.0031647260524362004,0.9693927125506073,0.6006739139556885,64,0.00010651586319943007,shap,kernel,kernel_thinning,inverse_multiquadric,4.0,32.0,-3.0,0.0074274539947509766
0.0025392498328070754,0.9619433198380567,1.0624628067016602,128,8.027280148747984e-05,shap,kernel,kernel_thinning,inverse_multiquadric,4.0,32.0,-4.0,0.0078887939453125
0.005852750765708769,0.9549797570850204,0.46512556076049805,32,0.00071448574880284,shap,kernel,kernel_thinning,matern_0.5,4.0,32.0,15.0,0.03701210021972656
0.0025132121942122885,0.9596761133603238,0.5914504528045654,64,0.00013145607836539952,shap,kernel,kernel_thinning,matern_0.5,4.0,32.0,-3.0,0.009229183197021484
0.001403431428869912,0.980242914979757,1.0752742290496826,128,0.00014647137679091315,shap,kernel,kernel_thinning,matern_0.5,4.0,32.0,-4.0,0.02490997314453125
0.004341417564442136,0.9243724696356275,0.4512064456939697,32,0.0005289614404280218,shap,kernel,kernel_thinning,matern_1.5,4.0,32.0,15.0,0.03570055961608887
0.002156791388627173,0.9727935222672065,0.5891029834747314,64,0.0001241400229092804,shap,kernel,kernel_thinning,matern_1.5,4.0,32.0,-3.0,0.009078264236450195
0.0029967269776568555,0.9629149797570851,1.1564080715179443,128,0.00011259321784429233,shap,kernel,kernel_thinning,matern_1.5,4.0,32.0,-4.0,0.009445667266845703
0.004114244019043665,0.9690688259109311,0.46076250076293945,32,0.00013526826381449197,shap,kernel,kernel_thinning,matern_2.5,4.0,32.0,15.0,0.036461591720581055
0.0022000171236664008,0.9643724696356275,0.6158919334411621,64,0.00010839343333968188,shap,kernel,kernel_thinning,matern_2.5,4.0,32.0,-3.0,0.00908970832824707
0.002318080609682288,0.9805668016194332,1.087268352508545,128,7.920469139843789e-05,shap,kernel,kernel_thinning,matern_2.5,4.0,32.0,-4.0,0.009543657302856445
0.006007535567889641,0.9407287449392712,0.5130696296691895,32,0.0005385762700194086,shap,kernel,kernel_thinning,gaussian,4.0,32.0,15.0,0.03284811973571777
0.003574752786039753,0.9478542510121457,0.6205673217773438,64,8.280084318146308e-05,shap,kernel,kernel_thinning,gaussian,4.0,32.0,-3.0,0.008318185806274414
0.003388370862536993,0.9556275303643725,1.0905861854553223,128,0.0001379543091784008,shap,kernel,kernel_thinning,gaussian,4.0,32.0,-4.0,0.008988618850708008
0.006611611573510675,0.9357085020242915,0.4848761558532715,32,0.01551765107499703,shap,kernel,kernel_thinning,sobolev,4.0,32.0,15.0,0.03582358360290527
0.002391398495209965,0.9642105263157894,0.6222906112670898,64,0.0013857713025129392,shap,kernel,kernel_thinning,sobolev,4.0,32.0,-3.0,0.008923530578613281
0.0014896872424223675,0.974574898785425,1.076878309249878,128,0.0026544915291779603,shap,kernel,kernel_thinning,sobolev,4.0,32.0,-4.0,0.009303569793701172
0.004670161679517804,0.9554655870445344,0.4689061641693115,32,0.0001147548548814381,shap,kernel,kernel_thinning,inverse_multiquadric,4.0,32.0,15.0,0.029181718826293945
0.003655103093910535,0.9677732793522268,0.5869295597076416,64,0.0001173794511759585,shap,kernel,kernel_thinning,inverse_multiquadric,4.0,32.0,-3.0,0.007393598556518555
0.001903392835552602,0.9784615384615385,1.0739452838897705,128,0.0001128949676565405,shap,kernel,kernel_thinning,inverse_multiquadric,4.0,32.0,-4.0,0.008064985275268555
0.007612587641802071,0.937327935222672,0.4454782009124756,32,0.0001562007844266855,shap,kernel,kernel_thinning,matern_0.5,4.0,32.0,15.0,0.03645730018615723
0.0025403213063608454,0.9648582995951416,0.5843913555145264,64,0.00014712998913624098,shap,kernel,kernel_thinning,matern_0.5,4.0,32.0,-3.0,0.009261846542358398
0.002854299262383398,0.9645344129554655,1.0985524654388428,128,0.00011786031622906812,shap,kernel,kernel_thinning,matern_0.5,4.0,32.0,-4.0,0.009650230407714844
0.005892475521692797,0.9405668016194332,0.46180152893066406,32,0.00028780819691864856,shap,kernel,kernel_thinning,matern_1.5,4.0,32.0,15.0,0.03659391403198242
0.0038194731536164875,0.9820242914979759,0.6075613498687744,64,0.00012038975009942554,shap,kernel,kernel_thinning,matern_1.5,4.0,32.0,-3.0,0.009039163589477539
0.0015805562847013186,0.9761943319838058,1.1244893074035645,128,0.00011294671573880422,shap,kernel,kernel_thinning,matern_1.5,4.0,32.0,-4.0,0.009632587432861328
0.006549580627950004,0.9473684210526315,0.4845752716064453,32,0.00029821392825923887,shap,kernel,kernel_thinning,matern_2.5,4.0,32.0,15.0,0.036360979080200195
0.004183605276990254,0.9693927125506071,0.5942885875701904,64,0.00010253757318468004,shap,kernel,kernel_thinning,matern_2.5,4.0,32.0,-3.0,0.00910186767578125
0.0017203877003595196,0.9677732793522266,1.06589937210083,128,0.00011246049103763589,shap,kernel,kernel_thinning,matern_2.5,4.0,32.0,-4.0,0.009793996810913086
0.007522088026819511,0.9612955465587043,0.467221736907959,32,0.000355709825504702,shap,kernel,kernel_thinning,gaussian,4.0,32.0,15.0,0.03284621238708496
0.004435093788952857,0.9621052631578948,0.5810680389404297,64,0.0002077004987663944,shap,kernel,kernel_thinning,gaussian,4.0,32.0,-3.0,0.008338451385498047
0.0035487883408211393,0.9405668016194332,1.0885255336761475,128,0.00012578894676673613,shap,kernel,kernel_thinning,gaussian,4.0,32.0,-4.0,0.008790969848632812
0.007640121651356706,0.9237246963562753,0.44441843032836914,32,0.01333000905054127,shap,kernel,kernel_thinning,sobolev,4.0,32.0,15.0,0.03508329391479492
0.0052305235789937305,0.9578947368421052,0.5911781787872314,64,0.00613730579889693,shap,kernel,kernel_thinning,sobolev,4.0,32.0,-3.0,0.008890390396118164
0.0021422264227512725,0.9846153846153847,1.1231868267059326,128,0.0008664063260486188,shap,kernel,kernel_thinning,sobolev,4.0,32.0,-4.0,0.009270906448364258
0.003554618692543516,0.9512550607287449,0.4729762077331543,32,0.0002700547092933103,shap,kernel,kernel_thinning,inverse_multiquadric,4.0,32.0,15.0,0.029920339584350586
0.005127613873575137,0.9413765182186234,0.5762252807617188,64,0.00022039153067909822,shap,kernel,kernel_thinning,inverse_multiquadric,4.0,32.0,-3.0,0.007431745529174805
0.0025046342054645316,0.9810526315789473,1.0988149642944336,128,0.00014594985099192215,shap,kernel,kernel_thinning,inverse_multiquadric,4.0,32.0,-4.0,0.007807493209838867
0.008710761667328133,0.9451012145748988,0.4645102024078369,32,0.00030796053256620937,shap,kernel,kernel_thinning,matern_0.5,4.0,32.0,15.0,0.03644728660583496
0.005042289407531624,0.9624291497975708,0.5816514492034912,64,0.0001840582571805971,shap,kernel,kernel_thinning,matern_0.5,4.0,32.0,-3.0,0.009515762329101562
0.0021168786112359343,0.9669635627530365,1.0906782150268555,128,0.00010967544170670251,shap,kernel,kernel_thinning,matern_0.5,4.0,32.0,-4.0,0.009675025939941406
0.002934955082362864,0.963238866396761,0.6165142059326172,32,0.0002447676217181005,shap,kernel,kernel_thinning,matern_1.5,4.0,32.0,15.0,0.03594017028808594
0.00398173259830187,0.9729554655870445,0.6024734973907471,64,0.0001050042005870111,shap,kernel,kernel_thinning,matern_1.5,4.0,32.0,-3.0,0.009036064147949219
0.002760373341317367,0.9821862348178138,1.1374506950378418,128,9.899270452495834e-05,shap,kernel,kernel_thinning,matern_1.5,4.0,32.0,-4.0,0.009460926055908203
0.006883467310114637,0.957085020242915,0.4585874080657959,32,0.00024221571239202433,shap,kernel,kernel_thinning,matern_2.5,4.0,32.0,15.0,0.0361781120300293
0.0039014984311544084,0.9420242914979757,0.5739812850952148,64,0.00010887865502362537,shap,kernel,kernel_thinning,matern_2.5,4.0,32.0,-3.0,0.009107589721679688
0.003127041026806327,0.9753846153846153,1.2095794677734375,128,9.276202972108294e-05,shap,kernel,kernel_thinning,matern_2.5,4.0,32.0,-4.0,0.00949239730834961
0.0040027642332536445,0.9473684210526315,0.45467615127563477,32,0.0004150406255458705,shap,kernel,kernel_thinning,gaussian,4.0,32.0,15.0,0.033501625061035156
0.0033652332669027577,0.959838056680162,0.5791072845458984,64,0.00019695305123401674,shap,kernel,kernel_thinning,gaussian,4.0,32.0,-3.0,0.008324623107910156
0.0030897120996669415,0.9561133603238866,1.1733646392822266,128,0.00012051718426797642,shap,kernel,kernel_thinning,gaussian,4.0,32.0,-4.0,0.008708000183105469
0.005319106772906424,0.9658299595141702,0.49254465103149414,32,0.0159240761301207,shap,kernel,kernel_thinning,sobolev,4.0,32.0,15.0,0.03551506996154785
0.0030327911341069386,0.9582186234817814,0.6125273704528809,64,0.0050621365470411295,shap,kernel,kernel_thinning,sobolev,4.0,32.0,-3.0,0.00885772705078125
0.0030102834113164122,0.9758704453441294,1.1094751358032227,128,0.0022487911265813842,shap,kernel,kernel_thinning,sobolev,4.0,32.0,-4.0,0.00932621955871582
0.00448839705503784,0.9638866396761132,0.45874977111816406,32,0.0005162064783204023,shap,kernel,kernel_thinning,inverse_multiquadric,4.0,32.0,15.0,0.02967977523803711
0.004073704154169727,0.9642105263157896,0.5830690860748291,64,0.00010541644739436862,shap,kernel,kernel_thinning,inverse_multiquadric,4.0,32.0,-3.0,0.0074312686920166016
0.0029142893743675916,0.9564372469635628,1.103243112564087,128,0.00011061012447344254,shap,kernel,kernel_thinning,inverse_multiquadric,4.0,32.0,-4.0,0.007874727249145508
0.004143904095735906,0.9590283400809716,0.4522254467010498,32,0.0003004290902435258,shap,kernel,kernel_thinning,matern_0.5,4.0,32.0,15.0,0.03646373748779297
0.0035372330016592997,0.942995951417004,0.6070108413696289,64,0.00011445289923495139,shap,kernel,kernel_thinning,matern_0.5,4.0,32.0,-3.0,0.009319305419921875
0.0024986809396830454,0.9606477732793522,1.1436970233917236,128,0.00011330981650914396,shap,kernel,kernel_thinning,matern_0.5,4.0,32.0,-4.0,0.00972294807434082
0.003162258933378782,0.9617813765182188,0.4600660800933838,32,0.00040713184108098766,shap,kernel,kernel_thinning,matern_1.5,4.0,32.0,15.0,0.03627204895019531
0.0027035022567551267,0.9506072874493927,0.5941734313964844,64,0.00020729975394795375,shap,kernel,kernel_thinning,matern_1.5,4.0,32.0,-3.0,0.009073257446289062
0.0021519473593891885,0.982995951417004,1.0991990566253662,128,0.0001059433144574573,shap,kernel,kernel_thinning,matern_1.5,4.0,32.0,-4.0,0.009485006332397461
0.006727263474432903,0.9557894736842106,0.4708216190338135,32,0.00030093592201008157,shap,kernel,kernel_thinning,matern_2.5,4.0,32.0,15.0,0.035840749740600586
0.002837948457780913,0.9564372469635626,0.5945594310760498,64,8.268211407869153e-05,shap,kernel,kernel_thinning,matern_2.5,4.0,32.0,-3.0,0.009084224700927734
0.003840484145653989,0.9397570850202428,1.1912117004394531,128,0.0001114854969732626,shap,kernel,kernel_thinning,matern_2.5,4.0,32.0,-4.0,0.009547233581542969
0.007147412597911795,0.9371659919028341,0.46627092361450195,32,0.000461460680040382,shap,kernel,kernel_thinning,gaussian,4.0,32.0,15.0,0.0330204963684082
0.004698445867522667,0.9528744939271254,0.5974555015563965,64,0.00021217700077635904,shap,kernel,kernel_thinning,gaussian,4.0,32.0,-3.0,0.008344173431396484
0.0018402125066793746,0.9580566801619433,1.1311345100402832,128,0.00010568013143230637,shap,kernel,kernel_thinning,gaussian,4.0,32.0,-4.0,0.008772134780883789
0.005203861418671065,0.9363562753036438,0.4583015441894531,32,0.0022284403234982264,shap,kernel,kernel_thinning,sobolev,4.0,32.0,15.0,0.035039663314819336
0.003482989337359077,0.9736032388663969,0.6047101020812988,64,0.0007168251483795629,shap,kernel,kernel_thinning,sobolev,4.0,32.0,-3.0,0.00953531265258789
0.0019094017311851016,0.9854251012145749,1.1542551517486572,128,0.0010339519152720023,shap,kernel,kernel_thinning,sobolev,4.0,32.0,-4.0,0.009386777877807617
0.003606337769444477,0.9617813765182186,0.4563586711883545,32,0.0002507414345396253,shap,kernel,kernel_thinning,inverse_multiquadric,4.0,32.0,15.0,0.029447078704833984
0.0025303793581374985,0.960485829959514,0.5799353122711182,64,0.00011817281226500498,shap,kernel,kernel_thinning,inverse_multiquadric,4.0,32.0,-3.0,0.007443428039550781
0.0020881839944083378,0.962753036437247,1.1092984676361084,128,0.00011073882362122589,shap,kernel,kernel_thinning,inverse_multiquadric,4.0,32.0,-4.0,0.0077953338623046875
0.006680362944448166,0.9523886639676112,0.4753587245941162,32,0.00032169682418592416,shap,kernel,kernel_thinning,matern_0.5,4.0,32.0,15.0,0.036692142486572266
0.0027538943790840656,0.9731174089068826,0.5792200565338135,64,0.00011176627320086396,shap,kernel,kernel_thinning,matern_0.5,4.0,32.0,-3.0,0.009252309799194336
0.0017756583531429184,0.982672064777328,1.1008517742156982,128,0.00010722705473242833,shap,kernel,kernel_thinning,matern_0.5,4.0,32.0,-4.0,0.009662866592407227
0.005540104180101244,0.9476923076923077,0.4671168327331543,32,0.00027701863219831147,shap,kernel,kernel_thinning,matern_1.5,4.0,32.0,15.0,0.03624725341796875
0.0019178216638383123,0.985910931174089,0.581697940826416,64,8.271154465244734e-05,shap,kernel,kernel_thinning,matern_1.5,4.0,32.0,-3.0,0.009047985076904297
0.0019540429652004526,0.9742510121457492,1.1355011463165283,128,0.00010679549162273538,shap,kernel,kernel_thinning,matern_1.5,4.0,32.0,-4.0,0.009418010711669922
0.0072900139881147165,0.9540080971659919,0.46120643615722656,32,0.0001235965639176939,shap,kernel,kernel_thinning,matern_2.5,4.0,32.0,15.0,0.035941123962402344
0.0022119149445094157,0.9638866396761134,0.5871682167053223,64,0.00011841998611061832,shap,kernel,kernel_thinning,matern_2.5,4.0,32.0,-3.0,0.009093999862670898
0.0018494386997474066,0.962429149797571,1.115372896194458,128,0.00011240430519121603,shap,kernel,kernel_thinning,matern_2.5,4.0,32.0,-4.0,0.00977325439453125
0.011306225991856779,0.9041295546558704,0.4583415985107422,32,0.010348987682563093,shap,kernel,iid,none,,,,0.0011255741119384766
0.008526463039846879,0.9271255060728745,0.4959287643432617,32,0.004058544630733296,shap,kernel,iid,none,,,,8.893013000488281e-05
0.010014718361441246,0.9284210526315789,0.4684879779815674,32,0.005865410754003708,shap,kernel,iid,none,,,,7.939338684082031e-05
0.01237648295639558,0.874331983805668,0.5161044597625732,32,0.00824955329273469,shap,kernel,iid,none,,,,7.534027099609375e-05
0.007740453621188823,0.9564372469635628,0.47902989387512207,32,0.0061365695769255435,shap,kernel,iid,none,,,,7.390975952148438e-05
0.010751761826098187,0.9642105263157894,0.4953303337097168,32,0.0079566967530742,shap,kernel,iid,none,,,,9.083747863769531e-05
0.012358253663896495,0.9107692307692308,0.48874473571777344,32,0.009028741797876272,shap,kernel,iid,none,,,,8.0108642578125e-05
0.014117469896266128,0.9676113360323887,0.6800291538238525,32,0.008438662396274887,shap,kernel,iid,none,,,,7.43865966796875e-05
0.007600370471751063,0.8521457489878541,0.4660160541534424,32,0.012694148121054294,shap,kernel,iid,none,,,,7.534027099609375e-05
0.009021266820408807,0.9413765182186234,0.48368191719055176,32,0.0013235219861196246,shap,kernel,iid,none,,,,6.937980651855469e-05
0.006861586071366354,0.9418623481781375,0.4742281436920166,32,0.011979930130099348,shap,kernel,iid,none,,,,7.05718994140625e-05
0.009065339928544365,0.9297165991902835,0.46059656143188477,32,0.0044968344627847046,shap,kernel,iid,none,,,,7.557868957519531e-05
0.00782773806683515,0.9441295546558705,0.4507319927215576,32,0.0013389206124048147,shap,kernel,iid,none,,,,7.557868957519531e-05
0.010523739477377581,0.891497975708502,0.4742550849914551,32,0.0019490212682578,shap,kernel,iid,none,,,,7.510185241699219e-05
0.018408684242074584,0.9352226720647774,0.477677583694458,32,0.004828689191994862,shap,kernel,iid,none,,,,7.486343383789062e-05
0.004784531735869177,0.9410526315789473,0.6975781917572021,64,0.0026849842910328103,shap,kernel,iid,none,,,,7.915496826171875e-05
0.006403018672707629,0.9556275303643723,0.6735405921936035,64,0.002806240268202753,shap,kernel,iid,none,,,,7.271766662597656e-05
0.009569346403111478,0.9381376518218623,0.669518232345581,64,0.0013129946944727688,shap,kernel,iid,none,,,,7.367134094238281e-05
0.006512419527922531,0.9567611336032388,0.6746518611907959,64,0.0014711488443903686,shap,kernel,iid,none,,,,7.581710815429688e-05
0.007549210794978006,0.9481781376518219,0.6804525852203369,64,0.006990940564207904,shap,kernel,iid,none,,,,9.417533874511719e-05
0.004500972038888939,0.9634008097165991,0.662334680557251,64,0.0035951908588751635,shap,kernel,iid,none,,,,7.772445678710938e-05
0.005853696169902853,0.9658299595141701,0.6631495952606201,64,0.0011885505438327115,shap,kernel,iid,none,,,,7.653236389160156e-05
0.006751022246753296,0.9690688259109314,0.6883301734924316,64,0.0005905794167775369,shap,kernel,iid,none,,,,8.249282836914062e-05
0.010770269915292263,0.9122267206477732,0.6944618225097656,64,0.0022427289905539993,shap,kernel,iid,none,,,,7.605552673339844e-05
0.015033709194533973,0.8782186234817813,0.6443405151367188,64,0.003948946687642119,shap,kernel,iid,none,,,,0.00010395050048828125
0.006345176676464635,0.9282591093117408,0.6478557586669922,64,0.0029407194167625494,shap,kernel,iid,none,,,,7.367134094238281e-05
0.012019038665073055,0.9360323886639677,0.6477818489074707,64,0.0015333151407024292,shap,kernel,iid,none,,,,7.724761962890625e-05
0.009100408264587004,0.9509311740890689,0.6368858814239502,64,0.0038069607007660267,shap,kernel,iid,none,,,,9.1552734375e-05
0.0055037953162968166,0.945748987854251,0.6619327068328857,64,0.0012060649381535615,shap,kernel,iid,none,,,,7.605552673339844e-05
0.008290348444230614,0.911578947368421,0.6950047016143799,64,0.0018127614495220268,shap,kernel,iid,none,,,,7.009506225585938e-05
0.0036743236563653407,0.9496356275303643,1.111112356185913,128,0.0012103633376450151,shap,kernel,iid,none,,,,8.797645568847656e-05
0.0020215380822169223,0.9554655870445344,1.099623441696167,128,0.0008838209881345538,shap,kernel,iid,none,,,,7.557868957519531e-05
0.006054457488663238,0.9523886639676113,1.1343445777893066,128,0.0020185959107685836,shap,kernel,iid,none,,,,7.843971252441406e-05
0.0031954981933264206,0.9415384615384615,1.142451286315918,128,0.0008975913915185707,shap,kernel,iid,none,,,,8.273124694824219e-05
0.005272295431992296,0.9290688259109311,1.095698595046997,128,0.0018609772624305077,shap,kernel,iid,none,,,,7.987022399902344e-05
0.005655997779761258,0.9321457489878543,1.1288259029388428,128,0.002656358378116286,shap,kernel,iid,none,,,,7.963180541992188e-05
0.00618341694825753,0.9672874493927125,1.0657401084899902,128,0.0034083787251166786,shap,kernel,iid,none,,,,0.00010251998901367188
0.0035524839694401995,0.9682591093117409,1.0841064453125,128,0.001990598046017311,shap,kernel,iid,none,,,,9.560585021972656e-05
0.006584087121197979,0.9439676113360324,1.1003825664520264,128,0.002383868218499341,shap,kernel,iid,none,,,,7.939338684082031e-05
0.003317420656058242,0.940242914979757,1.1294488906860352,128,0.0010107347911167963,shap,kernel,iid,none,,,,8.249282836914062e-05
0.005132527964336068,0.9564372469635628,1.1370227336883545,128,0.0016207479149819015,shap,kernel,iid,none,,,,8.749961853027344e-05
0.003969733461859461,0.9515789473684209,1.1440536975860596,128,0.0025397986309496634,shap,kernel,iid,none,,,,8.177757263183594e-05
0.006195486175710799,0.9668016194331984,1.0663928985595703,128,0.0003868781892288897,shap,kernel,iid,none,,,,7.724761962890625e-05
0.003466679920694181,0.9551417004048585,1.1122369766235352,128,0.002557326303668006,shap,kernel,iid,none,,,,7.534027099609375e-05
0.0047117960225401935,0.9485020242914981,1.1354939937591553,128,0.001013503739303534,shap,kernel,iid,none,,,,7.963180541992188e-05
